ID,Name,Scientific,Availability,Furniture,Musical,Turnery,Carvery,Boat,Flooring,Price
1A,Blackbean,Castanospermum australe,Usually in stock,Yes,No,Yes,No,Yes,Yes,B
2A,Silver Ash,Flindersia spp.,Usually in stock,Yes,Yes,Yes,No,Yes,Yes,B
3A,Myrtle,Nothofagus cunninghamii,Usually in stock,Yes,No,Yes,No,Yes,No,B
4A,Rose Alder,Caldcluvia australiensis,Usually in stock,Yes,No,Yes,No,No,No,A
5A,Tallowwood,Eucalyptus microcorys,Usually in stock,Yes,No,No,No,No,Yes,A
6A,Mulga,Acacia aneura,Usually in stock,Yes,Yes,Yes,No,No,No,B
7A,Camphor Laurel,Cinnamomum camphorum,Usually in stock,Yes,No,Yes,Yes,No,No,C
8A,Tasmanian Oak,Eucalyptus obliqua/regnans,Usually in stock,Yes,No,No,No,No,Yes,B
9A,Cypress Pine,Callitris glacua,Usually in stock,Yes,No,Yes,No,No,Yes,A
10A,Tasmanian Blackwood,Acacia melanoxylon,Usually in stock,Yes,Yes,Yes,No,No,Yes,B
11A,Huon Pine,Dacrydium franklinii,Usually in stock,Yes,No,Yes,Yes,Yes,No,C
12A,Celery Top Pine,Phyllocladus asplenifolius,Available on request,Yes,No,Yes,No,Yes,Yes,C
14A,W.A. She Oak,Casuarina fraserana,Usually in stock,Yes,No,Yes,No,No,No,C
15A,Australian Cedar,Cedrela toona/toona australis,Usually in stock,Yes,No,Yes,Yes,Yes,No,D
16A,Qld Maple,Flindersia brayleyana,Usually in stock,Yes,Yes,Yes,Yes,Yes,No,B
