ID,Name,Scientific,Origin,Availability,Furniture,Musical,Turnery,Carvery,Boat,Flooring,Price
1,Teak,Tectona grandis,Burma/Thailand/Indonesia,Usually in stock,Yes,No,Yes,Yes,Yes,No,D
2,Central American Mahogany,Swietenia macrophylla,South America,Usually in stock,Yes,Yes,Yes,Yes,Yes,Yes,C
3,New Guinea Cedar,Cedrela toona/toona sureni,New Guinea,Usually in stock,Yes,Yes,Yes,Yes,Yes,No,B
4,Malaysian Red Cedar,Toona sureni/cedrela serrata,Malaysia,Usually in stock,Yes,Yes,Yes,Yes,Yes,No,B
5,American White Ash,Fraxinus americana,USA/Canada,Usually in stock,Yes,Yes,Yes,No,No,Yes,C
6,Kwila (Merbau),Intsia bijuga/palembanica,SE Asia/New Guinea,Usually in stock,Yes,No,Yes,No,Yes,Yes,B
7,African Blackwood,Dalbergia melanoxylon,Tanzania,Usually in stock,No,Yes,Yes,Yes,No,No,G
8,Fijian Mahogany,Swietenia macrophylla,Fiji,Usually in stock,Yes,Yes,Yes,Yes,Yes,Yes,B
9,New Guinea Rosewood,Pterocarpus indicus,New Guinea,Usually in stock,Yes,Yes,Yes,No,Yes,Yes,B
10,Japanese Beech,Fagus crenata,Japan,Available on request,Yes,No,Yes,Yes,No,No,C
26,American Black Walnut,Juglans nigra,USA,Usually in stock,Yes,No,Yes,Yes,No,No,D
37,Rock Maple,Acer spp.,USA/Canada,Usually in stock,Yes,Yes,Yes,No,No,Yes,C
48,American Cherry,Prunus serotina,USA,Usually in stock,Yes,No,Yes,Yes,No,No,D
72,Indian Rosewood,Dalbergia latifolia,India,Usually in stock,Yes,Yes,Yes,No,No,No,G
73,Ebony Black,Diospyros ebenum,India/Sri Lanka,Usually in stock,Yes,Yes,Yes,Yes,No,No,G
